repo_name,cbo_mean,dit_mean,lcom_mean,cbo_total,dit_total,lcom_total
GrowingGit/GitHub-Chinese-Top-Charts,0.000000,1.000000,0.000000,0,1,0
doocs/advanced-java,0.000000,1.000000,0.000000,0,1,0
macrozheng/mall,3.934211,1.239474,1110.803947,2990,942,844211
krahets/hello-algo,1.874419,1.000000,4.706977,403,215,1012
Stirling-Tools/Stirling-PDF,8.179487,1.232479,16.499145,4785,721,9652
iluwatar/java-design-patterns,3.363252,1.197466,1.840549,6370,2268,3486
kdn251/interviews,1.194553,1.003891,0.291829,307,258,75
MisterBooo/LeetCodeAnimation,1.000000,1.000000,0.000000,4,4,0
TheAlgorithms/Java,2.063207,1.043912,7.962076,3101,1569,11967
skylot/jadx,4.457856,1.667014,32.217829,12852,4806,92884
ReactiveX/RxJava,2.524564,1.318699,47.462627,29959,15649,563239
termux/termux-app,5.909657,1.429907,61.006231,1897,459,19583
google/guava,4.039801,1.800684,48.067631,25984,11582,309171
PhilJay/MPAndroidChart,8.843137,1.980392,91.032680,2706,606,27856
alibaba/arthas,4.734244,1.356092,36.663866,4507,1291,34904
halo-dev/halo,7.527970,1.260214,6.814582,11977,2005,10842
geekxh/hello-algorithm,1.000000,1.000000,0.000000,3,3,0
airbnb/lottie-android,6.897611,1.286689,33.412969,2021,377,9790
TeamNewPipe/NewPipe,8.295222,1.645051,43.296928,4861,964,25372
xkcoding/spring-boot-demo,5.051867,1.130705,2.321577,2435,545,1119
Blankj/AndroidUtilCode,4.168657,1.364179,144.953731,2793,914,97119
alibaba/easyexcel,6.632143,1.375000,32.025000,3714,770,17934
zxing/zxing,4.983193,1.662185,22.968067,2965,989,13666
netty/netty,4.421784,1.509982,67.036391,34994,11950,530526
SeleniumHQ/selenium,5.857143,1.382022,32.738898,10947,2583,61189
YunaiV/ruoyi-vue-pro,7.896211,1.224120,16.288154,29595,4588,61048
alibaba/nacos,5.710402,1.288601,23.144924,22893,5166,92788
ityouknow/spring-boot-examples,4.726384,1.026059,5.032573,1451,315,1545
chinabugotech/hutool,3.526554,1.282863,102.243691,9363,3406,271457
apolloconfig/apollo,7.267300,1.264586,14.985075,5356,932,11044
doocs/leetcode,2.567073,1.006098,0.335366,421,165,55
xuxueli/xxl-job,4.777778,1.128655,20.426901,817,193,3493
alibaba/canal,5.814109,1.380362,77.356530,6099,1448,81147
conductor-oss/conductor,7.787336,1.271207,91.492234,6518,1064,76579
lenve/vhr,4.436170,1.021277,48.329787,417,96,4543
wuyouzhuguli/SpringAll,5.243386,1.111111,3.748677,1982,420,1417
crossoverJie/JCSprout,1.962963,1.092593,1.765432,318,177,286
ashishps1/awesome-system-design-resources,0.818182,1.000000,0.000000,9,11,0
qiurunze123/miaosha,4.146853,1.125874,14.300699,1186,322,4090
JakeWharton/butterknife,3.959559,1.235294,10.481618,1077,336,2851
scwang90/SmartRefreshLayout,6.651026,1.507331,30.319648,2268,514,10339
apache/kafka,7.787890,1.435670,63.100921,65979,12163,534591
proxyee-down-org/proxyee-down,5.516667,1.466667,19.516667,331,88,1171
alibaba/druid,5.089570,1.942456,230.560370,29718,11342,1346242
greenrobot/EventBus,3.426230,1.836066,9.054645,627,336,1657
Netflix/Hystrix,3.340648,1.570075,20.253865,6698,3148,40609
yuliskov/SmartTube,6.652648,1.553894,65.957944,21355,4988,211725
google/gson,3.024164,1.281599,20.598513,3254,1379,22164
doocs/source-code-hunter,0.000000,1.000000,0.000000,0,1,0
jenkinsci/jenkins,6.240321,1.896762,46.242026,25629,7790,189916
bazelbuild/bazel,7.513859,1.620502,68.013436,79970,17247,723867
redisson/redisson,5.957238,1.342447,180.413249,16996,3830,514719
elunez/eladmin,8.014184,1.163121,6.202128,2260,328,1749
apache/rocketmq,6.880028,1.331584,121.818818,19670,3807,348280
LSPosed/LSPosed,5.522248,1.646370,48.114754,2358,703,20545
dataease/dataease,4.947225,1.207461,27.770701,5437,1327,30520
google/ExoPlayer,7.587931,1.295032,52.220055,24896,4249,171334
CarGuo/GSYVideoPlayer,5.485849,1.575472,55.355346,3489,1002,35206
brettwooldridge/HikariCP,4.383784,1.286486,172.670270,811,238,31944
kunal-kushwaha/DSA-Bootcamp-Java,1.268775,1.083004,3.501976,321,274,886
kestra-io/kestra,8.211679,1.452033,14.960897,15750,2785,28695
DrKLO/Telegram,6.843766,1.659578,60.838130,91070,22084,809573
didi/DoKit,4.503505,1.320586,71.766730,7066,2072,112602
mybatis/mybatis-3,3.538991,1.239679,20.951835,6172,2162,36540
ReactiveX/RxAndroid,2.272727,1.127273,3.090909,125,62,170
linlinjava/litemall,4.617504,1.126418,1532.884927,2849,695,945790
xiaojieonly/Ehviewer_CN_SXJ,6.876923,1.716484,68.421978,6258,1562,62264
Baseflow/PhotoView,4.733333,1.355556,24.600000,213,61,1107
dianping/cat,5.378436,1.434461,23.035941,10176,2714,43584
antlr/antlr4,5.773414,1.835347,48.302115,3822,1215,31976
Tencent/APIJSON,5.885714,1.242857,1165.571429,412,87,81590
LMAX-Exchange/disruptor,4.480488,1.290244,25.882927,1837,529,10612
dromara/Sa-Token,4.512032,1.223262,61.145722,3375,915,45737
forezp/SpringCloudLearning,4.552448,1.048951,0.545455,651,150,78
williamfiset/Algorithms,2.611231,1.053996,16.196544,1209,488,7499
Tencent/tinker,4.794231,1.603846,28.471154,2493,834,14805
ashishps1/awesome-low-level-design,2.628788,1.138889,3.051768,2082,902,2417
infinilabs/analysis-ik,4.815789,1.368421,15.421053,183,52,586
openzipkin/zipkin,6.447561,1.554878,19.376829,5287,1275,15889
justauth/JustAuth,5.510101,1.343434,12.984848,1091,266,2571
facebook/fresco,6.647393,1.418009,28.762085,7013,1496,30344
nostra13/Android-Universal-Image-Loader,4.864286,1.585714,28.842857,681,222,4038
winterbe/java8-tutorial,1.034091,1.000000,3.909091,91,88,344
alibaba/DataX,4.495908,1.715221,22.648936,5494,2096,27677
material-components/material-components-android,7.126214,1.537864,91.923301,14680,3168,189362
heibaiying/BigData-Notes,5.714286,1.220779,0.818182,440,94,63
shuzheng/zheng,4.499018,1.408644,340.856582,2290,717,173496
JeffLi1993/springboot-learning-example,4.614035,1.043860,2.850877,526,119,325
gyoogle/tech-interview-for-developer,1.307692,1.000000,0.923077,17,13,12
ben-manes/caffeine,4.912425,1.587575,163.169162,6563,2121,217994
android-hacker/VirtualXposed,3.947006,2.792842,14.695802,5735,4058,21353
dyc87112/SpringBoot-Learning,4.453532,1.026022,1.453532,1198,276,391
android10/Android-CleanArchitecture,5.142857,1.428571,6.723810,540,150,706
Konloch/bytecode-viewer,4.722222,2.053140,13.688406,1955,850,5667
mockito/mockito,3.472381,1.400476,18.329048,7292,2941,38491
java-decompiler/jd-gui,4.538084,2.417690,11.115479,1847,984,4524
hdodenhof/CircleImageView,11.000000,2.333333,178.666667,33,7,536
elastic/logstash,5.402326,1.644186,21.122093,4646,1414,18165
Tencent/QMUI_Android,5.468105,1.629456,35.342402,5829,1737,37675
alibaba/ARouter,3.693878,1.408163,17.448980,362,138,1710
supertokens/supertokens-core,9.738193,1.578029,71.143737,9485,1537,69294
arduino/Arduino,3.853333,1.644444,32.722222,1734,740,14725
apache/pulsar,6.876655,1.706971,85.365577,50901,12635,631876
orhanobut/logger,5.833333,1.166667,14.944444,105,21,269
theonedev/onedev,5.837272,1.410719,26.030207,47924,11582,213708
zaproxy/zaproxy,4.741577,1.910820,69.652002,11963,4821,175732
Netflix/zuul,6.502994,1.612774,24.890220,3258,808,12470
seaswalker/spring-analysis,2.424242,1.242424,1.787879,80,41,59
JessYanCoding/AndroidAutoSize,5.408163,1.408163,31.285714,265,69,1533
sqshq/piggymetrics,6.040404,1.060606,3.828283,598,105,379
Curzibn/Luban,2.965517,1.172414,10.862069,86,34,315
lgvalle/Material-Animations,4.400000,1.466667,4.755556,198,66,214
DuGuQiuBai/Java,0.772213,1.177706,1.079160,478,729,668
cryptomator/cryptomator,8.316027,1.428894,18.530474,3684,633,8209
janishar/mit-deep-learning-book-pdf,0.000000,1.000000,0.000000,0,1,0
Bigkoo/Android-PickerView,3.725275,1.153846,15.494505,339,105,1410
LuckSiege/PictureSelector,5.156038,1.237449,49.449118,3800,912,36444
tink-crypto/tink,7.666212,1.288737,30.075768,11231,1888,44061
youth5201314/banner,6.082192,1.835616,47.684932,444,134,3481
ashishps1/awesome-leetcode-resources,1.181818,1.000000,4.727273,13,11,52
pxb1988/dex2jar,5.425569,1.570928,21.133100,3098,897,12067
macrozheng/mall-learning,4.971888,1.104418,229.510040,1238,275,57148
facebook/stetho,4.379252,1.423469,7.496599,2575,837,4408
codecentric/spring-boot-admin,7.762931,1.256466,7.213362,3602,583,3347
Netflix/conductor,7.498494,1.254518,78.674699,4979,833,52240
alibaba/COLA,4.329159,1.327370,4.974955,2420,742,2781
greenrobot/greenDAO,5.013736,2.101648,47.453297,1825,765,17273
google/guice,3.803351,1.304124,8.454381,14757,5060,32803
languagetool-org/languagetool,5.377206,1.590944,55.189179,14013,4146,143823
Netflix/eureka,5.884097,1.270889,18.572776,4366,943,13781
zhihu/Matisse,6.657895,1.394737,8.078947,506,106,614
macrozheng/mall-swarm,3.787958,1.231675,1106.229058,2894,941,845159
daimajia/AndroidViewAnimations,3.378049,1.804878,2.292683,277,148,188
daimajia/AndroidSwipeLayout,3.716216,1.324324,58.905405,275,98,4359
amitshekhariitbhu/android-interview-questions,0.000000,1.000000,0.000000,0,1,0
pagehelper/Mybatis-PageHelper,5.812155,1.441989,29.640884,1052,261,5365
apache/zookeeper,5.671420,2.005134,36.861951,9942,3515,64619
Yalantis/uCrop,6.337662,1.363636,28.909091,488,105,2226
redis/jedis,5.538084,1.420147,530.371826,6762,1734,647584
Tencent/VasSonic,4.198198,1.279279,21.612613,466,142,2399
Tencent/matrix,4.506820,1.289304,12.894472,6278,1796,17962
Team-xManager/xManager,2.017176,1.020992,4.767176,1057,535,2498
plantuml/plantuml,7.131860,1.542175,36.500762,28071,6070,143667
metersphere/metersphere,6.672516,1.298056,445.991631,24715,4808,1651953
code4craft/webmagic,4.531977,1.183140,11.465116,1559,407,3944
grpc/grpc-java,5.604114,1.396614,13.481252,30789,7673,74066
xpipe-io/xpipe,6.948683,1.574612,18.833896,10291,2332,27893
debezium/debezium,6.825585,1.583950,55.703583,23050,5349,188111
OpenRefine/OpenRefine,6.696991,1.688395,12.788682,9349,2357,17853
gyf-dev/ImmersionBar,6.352113,2.105634,159.253521,902,299,22614
careercup/CtCI-6th-Edition,2.128079,1.068966,4.482759,1296,651,2730
permissions-dispatcher/PermissionsDispatcher,1.621849,1.226891,34.378151,193,146,4091
jhy/jsoup,6.306373,1.806373,240.083333,2573,737,97954
provectus/kafka-ui,7.243665,1.510721,17.134503,3716,775,8790
H07000223/FlycoTabLayout,6.454545,1.545455,223.090909,213,51,7362
mission-peace/interview,2.013493,1.037481,3.409295,1343,692,2274
newbee-ltd/newbee-mall,5.033708,1.067416,34.910112,448,95,3107
lingochamp/FileDownloader,4.527881,1.687732,42.014870,1218,454,11302
jfeinstein10/SlidingMenu,4.770270,1.824324,47.445946,353,135,3511
beemdevelopment/Aegis,7.416300,1.709251,22.189427,3367,776,10074
PaperMC/Paper,6.896519,1.685714,111.821849,28724,7021,465738
doocs/jvm,0.000000,1.000000,0.000000,0,1,0
ssssssss-team/spider-flow,5.385093,1.732919,20.329193,867,279,3273
square/javapoet,4.505051,1.151515,129.848485,446,114,12855
jwtk/jjwt,5.623423,1.994595,25.834234,3121,1107,14338
apple/pkl,6.293792,4.379840,28.839582,10240,7126,46922
microg/GmsCore,5.734107,1.710337,14.228856,10373,3094,25740
alibaba/vlayout,5.314465,1.855346,72.540881,845,295,11534
daniulive/SmarterStreaming,3.843023,1.052326,71.552326,661,181,12307
TooTallNate/Java-WebSocket,3.555556,1.819923,36.620690,928,475,9558
android-async-http/android-async-http,5.662338,1.785714,45.876623,872,275,7065
asLody/VirtualApp,3.938732,2.588028,15.611268,5593,3675,22168
clojure/clojure,3.603053,1.495093,130.391494,3304,1371,119569
jeasonlzy/okhttp-OkGo,5.595568,1.623269,19.445983,2020,586,7020
lipangit/JiaoZiVideoPlayer,7.275362,2.115942,56.637681,502,146,3908
tbruyelle/RxPermissions,4.650000,1.100000,10.100000,93,22,202
google/auto,4.110623,1.705882,25.597893,4682,1943,29156
LawnchairLauncher/lawnchair,8.658769,1.429538,97.100308,28141,4646,315576
zfile-dev/zfile,7.009662,1.504831,9.454106,2902,623,3914
JessYanCoding/MVPArms,6.644295,1.281879,32.100671,990,191,4783
JakeWharton/ViewPagerIndicator,5.439394,2.242424,29.272727,359,148,1932
wasabeef/glide-transformations,5.555556,2.148148,2.777778,150,58,75
googlesamples/easypermissions,8.939394,1.484848,12.212121,295,49,403
signalapp/Signal-Server,9.127943,1.480377,13.717425,11629,1886,17476
uknownothingsnow/JsBridge,3.500000,1.156250,17.093750,112,37,547
paascloud/paascloud-master,6.103774,1.315364,5.456873,4529,976,4049
hackware1993/MagicIndicator,5.000000,1.339806,26.941748,515,138,2775
HarlonWang/AVLoadingIndicatorView,3.565217,1.782609,6.750000,328,164,621
OpenFeign/feign,5.134723,1.682438,13.266239,6403,2098,16543
YoKeyword/Fragmentation,5.232394,1.707746,15.116197,1486,485,4293
awsdocs/aws-doc-sdk-examples,7.039450,1.040048,6.187089,11777,1740,10351
lihengming/spring-boot-api-project-seed,5.000000,1.266667,9.733333,75,19,146
xuchengsheng/spring-reading,2.813793,1.027586,0.541379,816,298,157
perwendel/spark,4.542986,1.298643,47.117647,1004,287,10413
stanfordnlp/CoreNLP,5.704297,1.459233,148.601858,24557,6282,639731
ksoichiro/Android-ObservableScrollView,5.014925,1.967164,7.570149,1680,659,2536
koral--/android-gif-drawable,6.156250,1.656250,59.734375,394,106,3823
bilibili/DanmakuFlameMaster,5.162791,1.610465,47.505814,888,277,8171
liaohuqiu/android-Ultra-Pull-To-Refresh,4.018634,1.403727,19.142857,647,226,3082
umano/AndroidSlidingUpPanel,4.941176,1.352941,132.000000,84,23,2244
crossoverJie/cim,4.881188,1.282178,5.737624,986,259,1159
pockethub/PocketHub,6.575472,1.481132,9.042453,1394,314,1917
Justson/AgentWeb,5.398438,1.488281,18.792969,1382,381,4811
MyCATApache/Mycat-Server,4.895430,1.294345,78.487994,6320,1671,101328
seven332/EhViewer,7.144759,1.821963,45.262895,4294,1095,27203
huanghaibin-dev/CalendarView,6.568182,2.159091,53.181818,1156,380,9360
GcsSloop/AndroidNote,4.875000,1.375000,8.125000,39,11,65
json-path/JsonPath,4.557065,1.486413,29.290761,1677,547,10779
android/testing-samples,5.500000,1.348837,3.151163,473,116,271
cats-oss/android-gpuimage,2.960784,2.156863,11.300654,453,330,1729
didi/VirtualAPK,4.895706,1.613497,17.576687,798,263,2865
navasmdc/MaterialDesignLibrary,4.536585,1.817073,6.756098,372,149,554
KunMinX/Jetpack-MVVM-Best-Practice,4.840336,1.621849,12.000000,576,193,1428
Freelander/Android_Data,2.000000,1.000000,3.000000,4,2,6
laobie/StatusBarUtil,4.151515,1.545455,22.545455,137,51,744
nathanmarz/storm,4.425382,1.287897,33.070505,3766,1096,28143
apache/jmeter,5.494474,1.998837,62.117510,9445,3436,106780
java-native-access/jna,4.534038,2.366596,44.937844,10723,5597,106278
apache/cassandra,6.823283,1.769620,59.148423,86335,22391,748405
Blankj/awesome-java-leetcode,1.680556,1.000000,1.166667,121,72,84
chrisbanes/Android-PullToRefresh,6.024390,2.134146,55.841463,494,175,4579
ybq/Android-SpinKit,4.816901,3.169014,21.521127,342,225,1528
karatelabs/karate,6.630137,1.205479,115.275685,3872,704,67321
shwenzhang/AndResGuard,3.424242,1.500000,22.378788,226,99,1477
react-native-image-picker/react-native-image-picker,6.181818,1.545455,66.181818,68,17,728
chrisjenx/Calligraphy,5.720000,1.440000,11.360000,143,36,284
amitshekhariitbhu/Android-Debug-Database,4.147541,1.278689,8.803279,253,78,537
airbnb/epoxy,6.878689,1.826230,138.773770,4196,1114,84652
frohoff/ysoserial,5.458333,1.341667,8.891667,655,161,1067
junit-team/junit4,3.868117,1.464310,12.961251,5690,2154,19066
google/tsunami-security-scanner,6.260417,1.541667,14.753472,1803,444,4249
dropwizard/dropwizard,5.956395,1.513081,19.177326,8196,2082,26388
ZCShou/GoGoGo,7.250000,1.458333,12.875000,348,70,618
roughike/BottomBar,4.909091,1.287879,61.666667,324,85,4070
LSPosed/LSPatch,4.342466,1.349315,23.876712,634,197,3486
DImuthuUpe/AndroidPdfViewer,4.947368,1.245614,76.789474,282,71,4377
PojavLauncherTeam/PojavLauncher,6.154229,1.410448,124.731343,2474,567,50142
testcontainers/testcontainers-java,5.347826,1.493868,21.911929,4797,1340,19655
wildfirechat/im-server,6.406713,1.541955,111.720632,6490,1562,113173
cabaletta/baritone,6.697674,1.386892,22.114165,3168,656,10460
florent37/MaterialViewPager,4.545455,1.295455,9.386364,200,57,413
bytedeco/javacv,6.125561,2.130045,133.991031,1366,475,29880
alibaba/otter,4.594907,1.453704,32.454475,5955,1884,42061
alibaba/atlas,5.638560,1.435734,29.884230,12371,3150,65566
guolindev/LitePal,5.009950,1.651741,49.447761,1007,332,9939
aritraroy/UltimateAndroidReference,1.000000,1.000000,0.000000,1,1,0
HMCL-dev/HMCL,6.803228,1.708686,35.827825,8851,2223,46612
dmytrodanylyk/android-process-button,5.250000,1.950000,25.550000,105,39,511
facebookarchive/react-native-fbsdk,7.166667,1.805556,11.333333,258,65,408
termux/termux-api,5.470238,1.392857,3.684524,919,234,619
aeron-io/aeron,7.826352,1.298553,113.626809,10276,1705,149192
pedrovgs/DraggablePanel,5.244444,1.511111,51.844444,236,68,2333
Jzvd/JZVideo,6.311475,1.814208,38.967213,1155,332,7131
janishar/android-mvvm-architecture,5.701754,1.508772,11.026316,650,172,1257
lakesoul-io/LakeSoul,8.771003,1.814363,114.623306,6473,1339,84592
apache/paimon,7.690846,1.520229,23.900490,37639,7440,116969
brianway/springmvc-mybatis-learning,2.926829,1.195122,156.621951,240,98,12843
CodeRayZhang/Movie_Recommend,3.585034,1.183673,239.707483,527,174,35237
pentaho/pentaho-kettle,6.003843,1.276879,82.490303,67177,14287,922984
PeterCxy/Shelter,7.267606,2.084507,15.676056,516,148,1113
openrewrite/rewrite,8.686752,1.540626,59.712786,41375,7338,284412
SalomonBrys/ANR-WatchDog,1.960000,1.360000,2.000000,49,34,50
apache/beam,7.417869,1.534776,19.624738,120303,24891,318274
lovetuzitong/MultiImageSelector,4.758621,1.310345,7.896552,138,38,229
jasonross/Nuwa,2.500000,1.250000,1.500000,20,10,12
igniterealtime/Openfire,6.747117,1.473641,76.020593,8191,1789,92289
FCL-Team/FoldCraftLauncher,5.454830,2.055114,657.347443,19201,7234,2313863
CainKernel/CainCamera,5.360522,1.425775,56.254486,3286,874,34484
sockeqwe/AdapterDelegates,4.150000,1.690000,4.250000,415,169,425
ngbdf/redis-manager,6.556650,1.113300,82.128079,1331,226,16672
sanshengshui/netty-learning-example,4.572115,1.317308,1.918269,951,274,399
Pay-Group/best-pay-sdk,4.223404,1.212766,3.446809,397,114,324
xiaojinzi123/Component,4.881188,1.368812,55.405941,1972,553,22384
fengjundev/Android-Skin-Loader,4.138298,1.244681,10.361702,389,117,974
googlesamples/android-vision,5.775862,1.336207,2.715517,670,155,315
jiajunhui/PlayerBase,4.877419,1.216129,29.487097,1512,377,9141
apache/parquet-java,6.430921,1.838346,31.571898,13685,3912,67185
WindySha/Xpatch,3.366667,1.200000,73.833333,202,72,4430
geftimov/android-pathview,5.000000,1.400000,9.750000,100,28,195
ac-pm/Inspeckage,3.354037,1.204969,2.136646,540,194,344
linkedin/cruise-control,7.510000,1.521250,28.167500,6008,1217,22534
iwgang/CountdownView,3.487500,1.212500,12.025000,279,97,962
nic-delhi/AarogyaSetu_Android,5.812500,1.250000,34.525000,465,100,2762
EverythingMe/overscroll-decor,5.441176,1.470588,4.264706,370,100,290
classgraph/classgraph,4.196944,1.422750,32.539898,2472,838,19166
MeteorDevelopment/meteor-client,8.180851,1.725041,20.409165,9997,2108,24940
mybatis/spring,4.551546,1.335052,7.871134,883,259,1527
googlearchive/android-Camera2Basic,5.111111,1.444444,12.111111,92,26,218
apache/pdfbox,6.732262,1.599732,58.385542,10058,2390,87228
liuyangming/ByteTCC,10.582192,1.232877,60.904110,1545,180,8892
OpenHFT/Chronicle-Map,5.910615,1.353352,532.241620,4232,969,381085
williamfiset/DEPRECATED-data-structures,2.915888,1.065421,25.130841,312,114,2689
AltBeacon/android-beacon-library,6.219512,1.262195,46.359756,1020,207,7603
Jackson0714/PassJava-Platform,4.969697,1.195286,12.326599,1476,355,3661
Teevity/ice,5.847059,1.294118,9.764706,497,110,830
Minestom/Minestom,6.101786,1.854167,48.289881,10251,3115,81127
wkeyuan/DWSurvey,6.036364,1.545455,78.770455,2656,680,34659
AweiLoveAndroid/CommonDevKnowledge,1.833333,1.000000,227.666667,33,18,4098
starcwang/easy_javadoc,4.859649,1.359649,38.622807,554,155,4403
donkingliang/ConsecutiveScroller,4.933333,1.350000,181.366667,296,81,10882
presmihaylov/booknotes,2.424242,1.000000,0.727273,80,33,24
ManuelPeinado/FadingActionBar,6.100000,1.760000,6.140000,305,88,307
RobotiumTech/robotium,5.305556,1.305556,17.347222,382,94,1249
konsoletyper/teavm,5.714378,1.546492,99.912398,26549,7185,464193
amitshekhariitbhu/awesome-android-complete-reference,3.250000,1.000000,4.000000,13,4,16
udacity/Sunshine-Version-2,7.392857,1.714286,11.928571,207,48,334
google/binnavi,6.306049,1.580539,26.982413,38366,9616,164161
arcadefire/nice-spinner,5.117647,1.411765,47.705882,87,24,811
88250/symphony,9.138393,1.187500,5.937500,2047,266,1330
hamibot/hamibot,5.383255,1.547170,46.893868,4565,1312,39766
harjot-oberai/MusicDNA,4.852311,1.750846,38.481398,4304,1553,34133
w446108264/XhsEmoticonsKeyboard,5.311258,1.430464,14.556291,802,216,2198
spring-projects/spring-batch,5.982793,1.330932,13.054422,14951,3326,32623
apache/commons-lang,3.412069,1.562069,269.313793,3958,1812,312404
power721/alist-tvbox,5.478166,1.187773,29.281659,2509,544,13411
AbrahamCaiJin/CommonUtilLibrary,4.462585,1.217687,165.346939,656,179,24306
SpecialCyCi/AndroidResideMenu,5.500000,1.500000,44.187500,88,24,707
JoanZapata/android-pdfview,3.405405,1.256757,24.932432,252,93,1845
tyzlmjj/PagerBottomTabStrip,6.184211,1.710526,16.500000,470,130,1254
openaphid/android-flip,4.802469,1.506173,15.790123,389,122,1279
amitshekhariitbhu/android-developer-roadmap,0.000000,1.000000,0.000000,0,1,0
nanchen2251/RxJava2Examples,2.963855,2.060241,6.801205,492,342,1129
jprante/elasticsearch-jdbc,4.524272,1.514563,86.029126,466,156,8861
mouredev/hello-java,0.636364,1.327273,0.472727,35,73,26
jiangqqlmj/FastDev4Android,4.704492,1.725768,23.678487,1990,730,10016
WhatsApp/stickers,7.000000,1.933333,7.333333,210,58,220
YahooArchive/anthelion,7.821355,1.605749,10.993840,3809,782,5354
Nightonke/CoCoin,4.968958,1.337029,20.268293,2241,603,9141
jOOQ/jOOR,3.246753,1.155844,38.870130,250,89,2993
race604/FlyRefresh,5.464286,1.500000,41.678571,153,42,1167
FinalTeam/RxGalleryFinal,5.174863,1.289617,40.420765,947,236,7397
donglua/PhotoPicker,4.863636,1.303030,16.575758,321,86,1094
saulmm/Android-Material-Examples,4.750000,1.428571,4.464286,133,40,125
andpor/react-native-sqlite-storage,5.611111,1.222222,29.888889,101,22,538
sunfusheng/StickyHeaderListView,4.884058,1.391304,10.260870,337,96,708
aicareles/Android-BLE,4.834320,1.295858,26.284024,817,219,4442
qunarcorp/qmq,4.895228,1.203320,18.093361,4719,1160,17442
yizhiwazi/springboot-socks,3.951923,1.057692,6.365385,411,110,662
mzule/ActivityRouter,3.166667,1.555556,9.333333,114,56,336
sqlcipher/android-database-sqlcipher,4.533333,1.666667,265.333333,272,100,15920
gcacace/android-signaturepad,3.380952,1.095238,19.238095,71,23,404
connectbot/connectbot,5.297959,1.387755,30.159184,1298,340,7389
suceser/android-open-source-project-analysis,2.223602,1.385093,3.260870,358,223,525
sannies/mp4parser,4.766176,1.923529,17.469118,3241,1308,11879
apache/incubator-hugegraph,7.050336,1.968121,74.481963,16808,4692,177565
pedrovgs/Algorithms,2.621302,1.153846,2.059172,443,195,348
florent37/ExpectAnim,4.722222,2.388889,21.430556,340,172,1543
square/flow,4.664336,1.314685,2.741259,667,188,392
brianway/webporter,4.170732,1.390244,3.731707,171,57,153
widdix/aws-cf-templates,6.692308,3.750000,5.346154,348,195,278
FabricMC/fabric,6.785242,1.207048,8.979075,12322,2192,16306
jjoe64/GraphView,5.024390,1.195122,59.926829,206,49,2457
Meituan-Dianping/Zebra,4.159265,1.395100,85.286371,2716,911,55692
JulienGenoud/android-percent-support-lib-sample,5.900000,1.800000,7.900000,59,18,79
codedrinker/community,4.260000,1.160000,468.020000,426,116,46802
wenmingvs/AndroidProcess,4.022727,1.545455,4.431818,177,68,195
JakeWharton/scalpel,4.833333,1.333333,7.000000,58,16,84
google/truth,8.203343,1.518106,222.367688,2945,545,79830
proninyaroslav/libretorrent,6.716141,1.499072,63.224490,3620,808,34078
cucumber/cucumber-jvm,4.375870,1.255220,12.096674,5658,1623,15641
MagicMashRoom/SuperCalendar,4.295455,1.272727,16.340909,189,56,719
aistrate/AlgorithmsSedgewick,4.091286,1.024896,145.286307,986,247,35014
spotify/dockerfile-maven,7.583333,1.583333,12.500000,91,19,150
ag2s20150909/TTS,5.377778,1.244444,19.377778,242,56,872
federicoiosue/Omni-Notes,6.584677,1.612903,28.516129,1633,400,7072
airbnb/airpal,6.521212,1.224242,3.872727,1076,202,639
jenkinsci/configuration-as-code-plugin,7.393382,1.492647,39.400735,2011,406,10717
chanjarster/weixin-java-tools,5.224422,1.188119,68.950495,1583,360,20892
itwanger/paicoding,4.741321,1.144457,3.890258,4234,1022,3474
welk1n/JNDI-Injection-Exploit,3.500000,1.666667,4.444444,63,30,80
scottyab/rootbeer,3.200000,1.000000,76.200000,16,5,381
sleuthkit/autopsy,4.880590,1.933031,22.639501,21499,8515,99727
Nightonke/WoWoViewPager,5.572519,2.496183,60.312977,730,327,7901
kabouzeid/Phonograph,7.361858,2.029340,25.092910,3011,830,10263
Tencent/MSEC,6.765789,1.388158,118.665789,5142,1055,90186
JessYanCoding/ProgressManager,7.118644,1.220339,1425.813559,420,72,84123
RodneyShag/HackerRank_solutions,1.280000,1.360000,0.693333,96,102,52
flavioarfaria/KenBurnsView,5.461538,1.923077,19.000000,71,25,247
ldoublem/LoadingView,6.860465,2.000000,57.232558,295,86,2461
oguzbilgener/CircularFloatingActionMenu,6.914286,1.600000,9.285714,242,56,325
tdebatty/java-string-similarity,3.125000,1.083333,2.020833,150,52,97
Hitomis/transferee,5.201439,1.302158,29.971223,723,181,4166
aritraroy/PatternLockView,4.363636,1.606061,69.909091,144,53,2307
JsonChao/Awesome-WanAndroid,5.468254,1.460317,19.515873,2067,552,7377
deano2390/MaterialShowcaseView,5.312500,1.166667,48.062500,255,56,2307
yangzongzhuan/RuoYi-Vue,5.876866,1.578358,53.048507,1575,423,14217
spring-projects/spring-loaded,2.119508,1.457821,27.604569,2412,1659,31414
florent37/ViewAnimator,3.687500,1.125000,68.656250,118,36,2197
drewnoakes/metadata-extractor,5.282427,1.817992,43.813808,2525,869,20943
synthetichealth/synthea,7.521212,1.555556,23.800000,3723,770,11781
Yalantis/GuillotineMenu-Android,2.875000,1.250000,5.625000,46,20,90
ata4/disunity,4.950495,2.059406,11.198020,500,208,1131
AlexLiuSheng/CheckVersionLib,2.900000,1.216667,31.833333,174,73,1910
glomadrian/Grav,5.022727,1.250000,2.522727,221,55,111
jobrunr/jobrunr,5.565412,1.517921,19.073477,6211,1694,21286
500px/500px-android-blur,5.500000,1.666667,9.333333,33,10,56
vector4wang/spring-boot-quick,4.060317,1.187302,24.317460,2558,748,15320
TangoAgency/material-intro-screen,4.670330,1.604396,48.527473,425,146,4416
saulmm/CoordinatorBehaviorExample,9.500000,1.500000,8.000000,19,3,16
Qihoo360/ArgusAPM,4.521186,1.271186,7.186441,1067,300,1696
reactor/reactor-netty,6.683471,1.519835,56.052893,8087,1839,67824
north2016/T-MVP,4.625000,1.513889,6.118056,666,218,881
google/bindiff,5.249631,1.943131,19.311669,7108,2631,26148
Kong/unirest-java,5.379902,1.414216,69.110294,2195,577,28197
simple-android-framework/android_design_patterns_analysis,1.750000,1.000000,0.250000,21,12,3
CJT2325/CameraView,3.466667,1.152381,11.800000,364,121,1239
thombergs/code-examples,4.198281,1.102006,3.029799,7326,1923,5287
FudanNLP/fnlp,4.664399,1.258503,14.768707,2057,555,6513
openboard-team/openboard,5.966184,1.478261,47.021739,2470,612,19467
threedr3am/learnjavabug,3.148515,1.171617,10.432343,954,355,3161
nisrulz/sensey,4.211538,1.326923,31.403846,219,69,1633
r0adkll/Slidr,4.828571,1.200000,32.000000,169,42,1120
Tornaco/Thanox,5.315846,1.510707,48.851713,9930,2822,91255
Krupen/FabulousFilter,7.028571,1.714286,10.971429,246,60,384
bonigarcia/webdrivermanager,5.666667,1.125000,294.562500,816,162,42417
jmp-12/SuperToasts,6.022727,1.386364,9.363636,265,61,412
huaban/jieba-analysis,2.571429,1.071429,11.928571,36,15,167
jfeinstein10/JazzyViewPager,4.888889,1.555556,52.555556,44,14,473
voldemort/voldemort,8.427707,1.601331,92.340593,13931,2647,152639
siyamed/android-shape-imageview,5.418605,1.930233,11.674419,233,83,502
spotify/docker-maven-plugin,6.233333,1.566667,29.633333,187,47,889
code-troopers/android-betterpickers,5.287009,1.794562,12.356495,1750,594,4090
tiann/understand-plugin-framework,3.537313,1.417910,1.179104,237,95,79
bingoogolapple/BGABadgeView-Android,4.962963,1.185185,24.000000,134,32,648
vdurmont/emoji-java,3.392857,1.000000,42.857143,95,28,1200
JetBrains/skija,6.482759,1.758621,193.768025,2068,561,61812
jaydenxiao2016/AndroidFire,4.629433,1.381206,42.517730,2611,779,23980
Todd-Davies/ProgressWheel,5.666667,1.333333,184.500000,34,8,1107
wildfirechat/android-chat,5.142438,1.445487,39.356975,8773,2466,67143
bm-x/PhotoView,3.179487,1.230769,28.564103,124,48,1114
sharpie7/circuitjs1,6.562264,1.932075,116.528302,1739,512,30880
xuchengsheng/wx-dump-4j,4.962963,1.162037,33.550926,1072,251,7247
Kyson/AndroidGodEye,4.455067,1.139579,7.868069,2330,596,4115
erupts/erupt,6.435203,1.237911,4.187621,3327,640,2165
dlew/joda-time-android,4.666667,1.190476,27.428571,98,25,576
mongodb/mongo-java-driver,7.325916,1.386511,67.315303,21399,4050,196628
Naccl/NBlog,6.391705,1.092166,8.571429,1387,237,1860
VerbalExpressions/JavaVerbalExpressions,3.666667,1.166667,244.000000,44,14,2928
google/hover,4.800000,1.426316,7.126316,912,271,1354
yingLanNull/ShadowImageView,5.545455,1.272727,4.727273,61,14,52
huazhiyuan2008/RecyclerViewCardGallery,3.736842,1.368421,1.947368,71,26,37
Malinskiy/SuperRecyclerView,3.708333,1.430556,35.888889,267,103,2584
devopshydclub/vprofile-project,5.615385,1.038462,50.346154,146,27,1309
pchmn/MaterialChipsInput,6.466667,1.422222,21.911111,291,64,986
square/keywhiz,8.401575,1.234252,51.714567,4268,627,26271
chennaione/sugar,3.451282,1.184615,16.774359,673,231,3271
manifold-systems/manifold,4.727667,1.540323,61.147643,7621,2483,98570
qii/weiciyuan,5.412766,1.519149,31.979574,6360,1785,37576
devaige/WheelPicker,4.285714,1.476190,143.952381,90,31,3023
esoxjem/MovieGuide,5.800000,1.123077,10.707692,377,73,696
android/animation-samples,5.485915,1.401408,9.542254,779,199,1355
awsdocs/aws-lambda-developer-guide,5.090909,1.090909,5.242424,168,36,173
eclipsesource/J2V8,4.462366,1.218638,46.089606,1245,340,12859
alibaba/jvm-sandbox-repeater,4.156607,1.765090,85.753670,2548,1082,52567
Jay-Goo/RangeSeekBar,6.555556,1.444444,373.500000,118,26,6723
opensolon/solon,4.490620,1.264791,37.862193,12448,3506,104954
hierynomus/sshj,5.156648,1.444444,22.870674,2831,793,12556
fossasia/phimpme-android,5.149573,1.460470,457.117521,4820,1367,427862
mihaip/dex-method-counts,2.739130,1.478261,9.391304,63,34,216
Eanya-Tonic/CCTV_Viewer,5.933333,1.466667,8.066667,89,22,121
xuuhaoo/OkSocket,4.360000,1.426667,6.640000,654,214,996
JoyChou93/java-sec-code,5.595506,1.202247,7.426966,498,107,661
SkyTubeTeam/SkyTube,7.845614,1.943860,31.800000,2236,554,9063
SonicCloudOrg/sonic-server,9.572614,1.253112,7.912863,2307,302,1907
mouzt/mzt-biz-log,4.848837,1.151163,12.395349,417,99,1066
gzu-liyujiang/Android_CN_OAID,5.032609,1.304348,11.380435,463,120,1047
LSPosed/CorePatch,2.702703,1.540541,3.810811,100,57,141
facebookarchive/device-year-class,3.857143,1.428571,9.714286,27,10,68
iReaderAndroid/X2C,5.013889,1.402778,58.847222,361,101,4237
SimonVT/android-menudrawer,5.385714,1.714286,91.714286,377,120,6420
liangfeidotme/MasteringAndroidDataBinding,3.923077,2.038462,1.076923,102,53,28
sergejsha/pinned-section-listview,6.000000,1.800000,18.200000,60,18,182
LuckyJayce/ViewPagerIndicator,5.310000,1.770000,20.010000,531,177,2001
pf4j/pf4j,4.347826,1.429348,22.989130,800,263,4230
cyrilmottier/GreenDroid,5.900000,1.900000,26.084615,767,247,3391
shatyuka/Zhiliao,3.047244,1.000000,4.952756,387,127,629
bucket4j/bucket4j,6.989324,1.389680,14.204626,3928,781,7983
SufficientlySecure/html-textview,4.564103,1.461538,7.025641,178,57,274
mxn21/FlowingDrawer,4.096774,1.516129,57.290323,127,47,1776
Azoft/CarouselLayoutManager,4.160000,1.280000,26.960000,104,32,674
katzer/cordova-plugin-local-notifications,6.681818,1.409091,35.272727,147,31,776
prontera/spring-cloud-rest-tcc,6.787879,1.373737,1.767677,672,136,175
Ramotion/paper-onboarding-android,3.192308,1.230769,4.500000,83,32,117
googlearchive/android-ConstraintLayoutExamples,3.075000,1.900000,9.775000,123,76,391
apache/logging-flume,5.010387,1.395656,18.731822,5306,1478,19837
florent37/DiagonalLayout,5.875000,1.500000,20.875000,47,12,167
yzcheng90/x-springboot,6.311258,1.357616,2.119205,953,205,320
bin456789/Unblock163MusicClient-Xposed,4.557377,1.196721,19.639344,278,73,1198
casbin/jcasbin,4.471014,1.536232,59.811594,617,212,8254
mcxtzhang/ZLayoutManager,4.125000,1.395833,6.437500,198,67,309
commonmark/commonmark-java,5.439791,1.549738,18.424084,2078,592,7038
pwittchen/ReactiveNetwork,6.408163,1.020408,18.122449,314,50,888
polymorphicshade/Tubular,8.272578,1.645320,45.612479,5038,1002,27778
nutzam/nutz,3.987065,1.397512,63.240299,8014,2809,127113
eclipse-collections/eclipse-collections,7.195433,1.533511,211.244958,24263,5171,712318
marytts/marytts,6.050051,1.591420,113.583248,5923,1558,111198
mc1arke/sonarqube-community-branch-plugin,6.897727,1.196970,8.329545,1821,316,2199
fossasia/susi_server,8.486880,1.860058,47.107872,2911,638,16158
team-supercharge/ShimmerLayout,5.750000,1.500000,87.750000,23,6,351
Zomato/AndroidPhotoFilters,3.782609,1.173913,4.000000,87,27,92
alibaba/yugong,4.649007,1.549669,11.940397,702,234,1803
linkedin/rest.li,6.447561,1.471955,29.347100,33566,7663,152781
lealone/Lealone,6.683486,2.190826,161.458716,7285,2388,175990
xtuhcy/gecco,5.228571,1.192857,27.921429,732,167,3909
nanchen2251/CompressHelper,5.272727,1.090909,24.181818,58,12,266
Swagger2Markup/swagger2markup,5.979021,1.555944,37.762238,1710,445,10800
javaee-samples/javaee7-samples,5.021596,1.250704,2.043192,5348,1332,2176
deeplearning4j/deeplearning4j-examples,8.977839,1.105263,8.795014,3241,399,3175
geekidea/spring-boot-plus,6.117021,1.379433,7.570922,1725,389,2135
Antabot/White-Jotter,6.508772,1.105263,5.631579,371,63,321
zjw-swun/AppMethodOrder,4.428571,2.000000,20.428571,31,14,143
elye/loaderviewlibrary,4.636364,1.636364,11.090909,51,18,122
google/jimfs,4.935185,1.328704,52.333333,1066,287,11304
bcgit/bc-java,6.090882,2.214674,31.629126,60519,22005,314267
zema1/suo5,18.500000,1.000000,373.500000,37,2,747
yanzhenjie/Album,5.868020,1.563452,26.944162,1156,308,5308
WangDaYeeeeee/GeometricWeather,5.245161,1.475269,40.420430,4878,1372,37591
HotswapProjects/HotswapAgent,4.745350,1.385504,30.044901,7398,2160,46840
liyiorg/weixin-popular,2.436950,1.527859,66.155425,1662,1042,45118
iPaulPro/Android-ItemTouchHelper-Demo,5.230769,1.615385,3.538462,68,21,46
igreenwood/SimpleCropView,4.272727,1.168831,107.376623,329,90,8268
romainguy/ViewServer,4.000000,1.833333,30.833333,24,11,185
ndroi/easy163,4.012987,1.246753,4.363636,309,96,336
Netflix/archaius,3.903323,1.214502,16.398792,1292,402,5428
tlaplus/tlaplus,5.544402,1.939768,79.081467,14360,5024,204821
UniversalMediaServer/UniversalMediaServer,5.281839,2.087415,387.216277,7009,2770,513836
http-kit/http-kit,3.184932,1.267123,6.047945,465,185,883
oasisfeng/condom,4.830189,1.273585,192.066038,512,135,20359
vsch/flexmark-java,6.771793,1.424764,155.223765,12196,2566,279558
wuxudong/react-native-charts-wrapper,8.522727,2.272727,28.477273,375,100,1253
Nekogram/Nekogram,6.879847,1.664817,61.559514,91729,22197,820773
logfellow/logstash-logback-encoder,5.453401,1.949622,38.727960,2165,774,15375
sofastack/sofa-bolt,5.880668,1.441527,23.720764,2464,604,9939
pac4j/pac4j,7.227862,1.730022,16.861771,6693,1602,15614
openjdk/jmh,5.386457,1.209302,14.657319,7875,1768,21429
nico2sh/materialish-progress,3.125000,1.375000,12.562500,50,22,201
spring-io/start.spring.io,5.553571,1.327381,7.133929,1866,446,2397
2dxgujun/AndroidTagGroup,4.541667,1.541667,14.250000,109,37,342
AhmadElsagheer/Competitive-programming-library,1.908046,1.000000,2.597701,166,87,226
jdsjlzx/LRecyclerView,4.643443,1.547131,11.639344,2266,755,5680
chrisk44/Hijacker,3.543103,1.288793,6.375000,822,299,1479
LaiFeng-Android/SopCastComponent,3.638889,1.263889,10.000000,786,273,2160
yeriomin/YalpStore,5.895216,2.612756,15.396355,2588,1147,6759
Cleveroad/SlidingTutorial-Android,5.971429,1.642857,12.614286,418,115,883
litao0621/NiftyDialogEffects,3.360000,1.720000,17.920000,84,43,448
balysv/material-menu,4.866667,1.466667,33.666667,73,22,505
JakeWharton/RxRelay,2.830508,1.474576,13.627119,167,87,804
johannilsson/android-pulltorefresh,5.500000,1.666667,23.166667,33,10,139
googlemaps-samples/android-samples,7.876106,1.654867,6.734513,1780,374,1522
square/tape,4.333333,1.500000,7.833333,104,36,188
jeasonlzy/NineGridView,5.196429,1.375000,21.964286,291,77,1230
daimajia/AnimationEasingFunctions,2.837838,1.837838,1.621622,105,68,60
ctripcorp/C-OCR,3.605634,1.112676,46.000000,256,79,3266
githubwing/ZoomHeader,3.583333,1.458333,5.791667,86,35,139
mabe02/lanterna,6.356757,1.738739,26.645045,3528,965,14788
JakeWharton/Telecine,5.413043,1.217391,6.652174,249,56,306
atomashpolskiy/bt,5.283080,1.225597,18.661605,4871,1130,17206
caoxinyu/RedisClient,4.035211,1.406103,5.354460,1719,599,2281
qos-ch/slf4j,3.859712,1.302158,51.244604,1073,362,14246
BaronZ88/MinimalistWeather,4.696000,1.320000,47.944000,587,165,5993
algorithmzuo/algorithm-journey,2.078032,1.115352,3.589483,2450,1315,4232
huanzi-qch/base-admin,6.854962,1.312977,5.030534,898,172,659
Bukkit/Bukkit,3.777354,1.842239,46.755725,2969,1448,36750
google/copybara,7.636722,1.190701,16.976359,9691,1511,21543
Chora10/Cknife,1.821918,1.890411,3.691781,266,276,539
iammert/MaterialIntroView,4.975610,1.317073,18.365854,204,54,753
luxiaoxun/NettyRpc,4.311688,1.285714,2.701299,332,99,208
yuyakaido/CardStackView,5.000000,1.227273,6.227273,110,27,137
nex3z/FlowLayout,4.285714,1.571429,20.714286,60,22,290
henninghall/react-native-date-picker,4.007576,1.378788,29.878788,529,182,3944
Notsfsssf/Pix-EzViewer,1.482759,1.068966,40.603448,86,62,2355
saulmm/Material-Movies,4.333333,1.179487,18.525641,338,92,1445
mqzhangw/JIMU,3.796512,1.430233,5.552326,653,246,955
DSAppTeam/PanelSwitchHelper,5.428571,1.403361,7.798319,646,167,928
open-keychain/open-keychain,6.806660,1.645698,15.020352,7358,1779,16237
nelenkov/android-backup-extractor,4.500000,1.000000,41.000000,9,2,82
zeromq/jeromq,4.821571,1.382157,38.378162,3621,1038,28822
zhouchaoyuan/excelPanel,5.333333,1.666667,20.121212,176,55,664
ozodrukh/CircularReveal,3.533333,1.233333,5.450000,212,74,327
EhsanTang/ApiManager,6.933934,1.402402,385.417417,2309,467,128344
wushuo894/ani-rss,7.313433,1.067164,6.888060,980,143,923
hellokaton/30-seconds-of-java8,2.083333,1.055556,201.500000,75,38,7254
mymmsc/books,1.491667,2.500000,0.000000,179,300,0
igniterealtime/Smack,4.926395,1.748374,22.392674,14390,5107,65409
lbryio/lbry-android,5.066952,1.283476,43.460114,3557,901,30509
modelcontextprotocol/java-sdk,9.003086,1.200617,49.787037,2917,389,16131
opentripplanner/OpenTripPlanner,6.402659,1.159558,28.100351,25521,4622,112008
moquette-io/moquette,7.009585,1.380192,20.575080,2194,432,6440
Rajawali/Rajawali,6.117857,2.560714,62.457143,5139,2151,52464
delight-im/Android-AdvancedWebView,7.666667,1.222222,210.333333,69,11,1893
hefuyicoder/ListenerMusicPlayer,4.893220,1.177966,11.613559,2887,695,6852
yqritc/RecyclerView-FlexibleDivider,5.911765,1.529412,7.558824,201,52,257
path/android-priority-jobqueue,4.312500,1.986111,9.909722,621,286,1427
spring-projects/spring-kafka,7.241569,1.337255,30.991373,9233,1705,39514
Julow/Unexpected-Keyboard,4.939394,1.348485,23.878788,652,178,3152
thombergs/buckpal,5.422222,1.133333,4.777778,244,51,215
konifar/android-material-design-icon-generator-plugin,1.821429,1.214286,28.285714,51,34,792
xmuSistone/CardSlidePanel,4.333333,1.380952,8.000000,91,29,168
DeemOpen/zkui,6.583333,1.375000,10.750000,158,33,258
xuexiangjys/XUpdate,5.760684,1.196581,41.393162,674,140,4843
Comcast/FreeFlow,4.575342,1.328767,73.150685,334,97,5340
openzipkin/brave,6.294492,1.570621,13.363701,8913,2224,18923
alexvasilkov/GestureViews,6.580645,1.682796,20.688172,1224,313,3848
cachapa/ExpandableLayout,5.200000,1.600000,13.950000,104,32,279
gongwen/MarqueeViewLibrary,4.360000,1.480000,4.760000,109,37,119
alibaba/TProfiler,2.763158,1.421053,23.078947,105,54,877
zalando/zalenium,9.206897,1.362069,50.043103,1068,158,5805
rsocket/rsocket-java,6.537037,1.518519,16.333333,4942,1148,12348
android-cjj/JJSearchViewAnim,4.777778,1.666667,9.888889,86,30,178
balysv/material-ripple,6.600000,1.400000,51.933333,99,21,779
find-sec-bugs/find-sec-bugs,2.708535,1.559581,23.355072,3364,1937,29007
elevenetc/TextSurface,5.144928,1.159420,8.927536,355,80,616
VictorAlbertos/RxCache,3.894273,1.431718,12.995595,884,325,2950
ProgrammerAnthony/Pantheon,3.829365,1.289683,20.484127,965,325,5162
QNJR-GROUP/EasyTransaction,4.936170,1.196809,7.212766,1856,450,2712
apache/activemq,5.573376,1.728728,51.280005,42118,13064,387523
WuKongOpenSource/WukongCRM-11.0-JAVA,7.180952,1.208964,13.029692,12818,2158,23258
komoot/photon,6.528455,1.406504,25.325203,803,173,3115
pilgr/Paper,4.096774,1.322581,18.064516,254,82,1120
Ramotion/cardslider-android,5.129032,1.225806,15.451613,159,38,479
meituan/WMRouter,4.191667,1.729167,11.637500,1006,415,2793
baomidou/mybatis-plus-samples,3.940887,1.123153,0.729064,800,228,148
didi/tinyid,3.300000,1.150000,8.550000,132,46,342
f-droid/fdroidclient,7.177419,1.527650,37.774194,3115,663,16394
grishka/Houseclub,4.139706,1.632353,4.485294,563,222,610
AnyChart/AnyChart-Android,14.647712,2.639390,6456.879334,10561,1903,4655410
nikita36078/J2ME-Loader,4.000000,1.606365,27.907873,4776,1918,33322
Diolor/Swipecards,4.230769,1.461538,13.846154,55,19,180
confluentinc/schema-registry,7.719202,1.454921,145.869924,11216,2114,211949
apache/incubator-seata-samples,3.965116,1.011628,3.732558,682,174,642
LuckyJayce/LargeImage,4.555556,1.492063,29.317460,287,94,1847
modelmapper/modelmapper,2.833935,1.229844,23.995788,4710,2044,39881
gitblit-org/gitblit,6.240129,1.812248,39.351330,7744,2249,48835
Rukey7/MvpApp,4.793796,1.264599,34.970803,2627,693,19164
FreddyChen/NettyChat,4.434211,1.315789,58.500000,337,100,4446
Etar-Group/Etar-Calendar,6.144828,1.574713,82.179310,2673,685,35748
forezp/SpringBootLearning,4.034965,1.062937,1.888112,577,152,270
mybatis-flex/mybatis-flex,5.620314,1.250302,259.304716,4648,1034,214445
LaurieWired/Malimite,11.699248,2.526316,789.466165,3112,672,209998
xingda920813/HelloDaemon,3.733333,1.466667,5.033333,112,44,151
sarxos/webcam-capture,3.881773,1.600985,15.054187,1576,650,6112
bingoogolapple/BGASwipeBackLayout-Android,5.130435,1.623188,37.173913,354,112,2565
DreamCats/java-notes,1.833333,1.000000,0.333333,22,12,4
FasterXML/jackson-core,5.591002,2.016360,112.922290,2734,986,55219
patrickfav/uber-apk-signer,3.387097,1.000000,12.193548,105,31,378
bytedance/AlphaPlayer,5.105263,1.578947,44.789474,97,30,851
deltazefiro/Amarok-Hider,5.892157,1.588235,3.803922,601,162,388
Frank-Zhu/PullZoomView,4.210526,1.500000,16.026316,160,57,609
pinguo-zhouwei/MZBannerView,3.742424,1.272727,7.106061,247,84,469
reneargento/algorithms-sedgewick-wayne,3.108924,1.146325,12.683071,4738,1747,19329
hidroh/materialistic,7.670370,1.870370,30.244444,2071,505,8166
exchange-core/exchange-core,7.157895,1.168421,15.600000,1360,222,2964
vikramkakkar/SublimePicker,5.535211,1.605634,37.661972,786,228,5348
bytedance/scene,6.019048,1.563492,23.328571,7584,1970,29394
qiujuer/Genius-Android,4.886667,1.526667,39.020000,733,229,5853
SummerSec/ShiroAttack2,4.738255,1.369128,23.322148,706,204,3475
doocs/coding-interview,0.000000,1.000000,0.000000,0,1,0
vipshop/Saturn,4.256903,1.363745,45.973589,3546,1136,38296
florent37/CameraFragment,4.280992,1.165289,25.909091,518,141,3135
jenkinsci/kubernetes-plugin,7.958466,2.182109,78.559105,2491,683,24589
plattysoft/Leonids,5.093750,1.562500,30.906250,163,50,989
GCX-HCI/tray,4.054054,1.801802,12.639640,450,200,1403
BlueMap-Minecraft/BlueMap,6.395522,1.283582,15.774254,3428,688,8455
decaywood/XueQiuSuperSpider,4.422764,1.772358,30.081301,544,218,3700
lamster2018/EasyProtector,2.913043,1.391304,21.826087,67,32,502
weixiansen574/HybridFileXfer,5.180180,1.306306,23.162162,575,145,2571
leibnitz27/cfr,8.209171,1.497184,25.135961,10204,1861,31244
kongzue/DialogX,4.433269,1.239845,219.990329,2292,641,113735
iiordanov/remote-desktop-clients,4.790890,1.511387,195.393375,2314,730,94375
iqiyi/Andromeda,3.759259,1.703704,8.222222,609,276,1332
code-mc/material-icon-lib,7.166667,2.000000,11.250000,86,24,135
youlaitech/youlai-mall,6.154613,1.204489,3.214464,2468,483,1289
apilayer/restcountries,4.153846,1.230769,24.000000,108,32,624
HeZaiJin/SlantedTextView,4.142857,1.571429,31.714286,29,11,222
H07000223/FlycoDialog_Master,4.291139,1.860759,8.120253,678,294,1283
shyiko/mysql-binlog-connector-java,2.628415,1.147541,34.868852,481,210,6381
addthis/stream-lib,4.000000,1.572727,17.818182,440,173,1960
anitaa1990/Android-Cheat-sheet,1.622857,1.000000,2.302857,284,175,403
skyfishjy/android-ripple-background,5.800000,1.800000,2.400000,29,9,12
amaembo/streamex,6.142857,2.044335,316.068966,1247,415,64162
warkiz/IndicatorSeekBar,5.687500,1.687500,149.281250,182,54,4777
spring-projects/spring-retry,4.175595,1.321429,11.151786,1403,444,3747
a466350665/smart-sso,5.286765,1.345588,11.198529,719,183,1523
ta4j/ta4j,7.742129,2.004498,13.344828,5164,1337,8901
JingYeoh/FragmentRigger,6.740000,2.020000,44.300000,337,101,2215
iMeiji/Toutiao,4.907731,1.451372,131.793017,1968,582,52849
plutext/docx4j,7.843815,1.497293,285.482299,37666,7190,1370886
Zhaoss/WeiXinRecordedDemo,3.709877,1.160494,79.308642,601,188,12848
sonatype/nexus-public,6.467439,1.710348,17.799441,32376,8562,89104
bingoogolapple/BGAPhotoPicker-Android,5.477064,1.495413,38.412844,597,163,4187
siwangqishiq/ImageEditor-Android,5.616541,1.639098,25.691729,747,218,3417
innoveit/react-native-ble-manager,5.500000,1.218750,18.750000,176,39,600
LogNet/grpc-spring-boot-starter,6.923636,1.872727,2.509091,1904,515,690
NotHarshhaa/DevOps-Projects,5.774648,1.190141,22.753521,820,169,3231
techa03/goodsKill,5.961039,1.186147,3.406926,1377,274,787
bz51/SpringBoot-Dubbo-Docker-Jenkins,5.228188,1.570470,23.966443,779,234,3571
balsikandar/Android-Studio-Plugins,0.000000,1.000000,0.000000,0,1,0
i2p/i2p.i2p,5.534172,1.690921,68.998980,16276,4973,202926
yangchong211/YCVideoPlayer,5.045929,1.334029,28.534447,2417,639,13668
PurpurMC/Purpur,5.794521,1.821918,178.712329,423,133,13046
apache/ambari,6.694647,1.478971,43.189260,38521,8510,248511
mendhak/gpslogger,6.437751,1.381526,34.610442,1603,344,8618
jianjunxiao/NiceVieoPlayer,4.588235,1.431373,33.823529,234,73,1725
rmtheis/android-ocr,6.184211,1.368421,26.500000,235,52,1007
eclipse-paho/paho.mqtt.java,5.528796,1.408377,51.960733,2112,538,19849
doggycoder/AndroidOpenGLDemo,4.828025,1.509554,15.420382,758,237,2421
steelkiwi/cropiwa,6.154930,1.338028,21.084507,437,95,1497
hekailiang/squirrel,5.185185,1.681070,32.613169,2520,817,15850
prometheus/client_java,6.293130,1.370992,50.728244,4122,898,33227
apache/gobblin,6.359853,1.464895,10.699908,34693,7991,58368
NordicSemiconductor/Android-BLE-Library,5.650273,1.636612,30.316940,2068,599,11096
Peergos/Peergos,7.843302,1.240101,30.042123,9310,1472,35660
Devlight/NavigationTabStrip,3.647059,1.470588,70.705882,62,25,1202
subhra74/snowflake,2.989455,1.818981,45.913884,1701,1035,26125
HdrHistogram/HdrHistogram,4.277778,2.214286,135.896825,539,279,17123
toolbox4minecraft/amidst,5.786957,1.302174,18.186957,2662,599,8366
zhanghai/MaterialProgressBar,6.436364,2.363636,27.781818,354,130,1528
Yalantis/Euclid,3.714286,1.285714,22.214286,52,18,311
QuantumBadger/RedReader,6.912722,1.522189,27.699704,4673,1029,18725
Naoki2015/CircleDemo,3.913580,1.320988,16.598765,634,214,2689
lets-mica/mica,5.115632,1.211991,103.479657,2389,566,48325
MiPushFramework/MiPushFramework,5.345133,1.421829,125.831858,1812,482,42657
lendylongli/qianghongbao,4.244898,1.673469,8.224490,208,82,403
Yalantis/Horizon,3.500000,1.150000,3.450000,70,23,69
sohutv/mqcloud,5.667595,1.198700,52.509749,6104,1291,56553
twitter-archive/distributedlog,5.278079,1.467080,34.392719,6814,1894,44401
hncboy/ai-beehive,5.172414,1.170115,1.439080,2250,509,626
xinghongfei/LookLook,4.331776,1.355140,11.004673,927,290,2355
aress31/burpgpt,4.000000,2.312500,4.437500,64,37,71
Fox2Code/FoxMagiskModuleManager,7.860656,1.385246,29.786885,959,169,3634
xiaohaibin/XBanner,4.581395,1.372093,38.686047,394,118,3327
soarcn/BottomSheet,5.341463,1.268293,49.000000,219,52,2009
julian-klode/dns66,5.424528,1.301887,3.716981,575,138,394
markushi/android-ui,4.000000,1.470588,9.470588,68,25,161
JessYanCoding/RetrofitUrlManager,3.714286,1.142857,13.457143,130,40,471
TrackerControl/tracker-control-android,5.500000,1.302083,19.770833,1056,250,3796
h2oai/h2o-2,6.061459,2.997702,44.252154,10553,5219,77043
stevenhalim/cpbook-code,1.435644,1.009901,9.455446,145,102,955
anjlab/android-inapp-billing-v3,3.761905,1.119048,28.619048,158,47,1202
siavash79/PixelXpert,6.662379,1.681672,17.790997,2072,523,5533
theDazzler/droidicon,3.809524,2.500000,9.690476,160,105,407
avjinder/Minimal-Todo,5.978723,1.680851,8.787234,281,79,413
ainilili/ratel,4.657143,1.350000,29.400000,652,189,4116
moneytoo/Player,5.640449,1.235955,61.426966,502,110,5467
HpWens/MeiWidgetView,4.676724,1.331897,26.676724,1085,309,6189
p6spy/p6spy,4.846154,1.551282,37.878205,756,242,5909
dmilicic/Android-Clean-Boilerplate,1.727273,1.227273,2.000000,38,27,44
eleme/lancet,4.348684,1.342105,4.401316,661,204,669
timusus/Shuttle,6.881579,1.603618,25.268092,4184,975,15363
jimmysuncpt/Algorithms,3.110390,1.000000,20.237013,958,308,6233
l123456789jy/Lazy,3.541667,1.166667,96.291667,425,140,11555
jeecgboot/jeecg,7.633441,1.381029,127.940514,4748,859,79579
keycloak/keycloak-quickstarts,8.473684,1.092105,16.802632,644,83,1277
seiginonakama/BlockCanaryEx,3.489362,1.244681,10.148936,328,117,954
FormidableLabs/react-native-app-auth,5.619048,1.047619,13.714286,118,22,288
fython/MaterialStepperView,5.029412,1.323529,50.647059,171,45,1722
codingXiaxw/seckill,4.100000,1.550000,6.700000,82,31,134
loopeer/CardStackView,4.225806,1.709677,63.354839,131,53,1964
864381832/xJavaFxTool,5.820513,1.358974,10.897436,227,53,425
ethereum/ethereumj,5.854472,1.523577,37.595935,7201,1874,46243
harjot-oberai/MaterialShadows,3.437500,1.250000,21.437500,55,20,343
srikanth-lingala/zip4j,7.178344,1.687898,147.070064,1127,265,23090
nitaliano/react-native-mapbox-gl,3.965812,1.380342,31.692308,928,323,7416
API-Security/APIKit,5.847826,1.478261,7.108696,269,68,327
Prototik/HoloEverywhere,6.529492,2.171468,83.676269,4760,1583,61000
gjiazhe/PanoramaImageView,5.222222,1.777778,13.000000,47,16,117
xmuSistone/AndroidPileLayout,4.684211,1.473684,12.000000,89,28,228
shimh-develop/blog-vue-springboot,6.100000,1.375000,13.187500,488,110,1055
NiceSeason/gulimall-learning,4.528190,1.179525,3.632047,3052,795,2448
SafeGroceryStore/MDUT,6.057692,1.057692,25.788462,315,55,1341
zhangkaitao/es,6.478555,1.918736,24.702032,2870,850,10943
valarchie/AgileBoot-Back-End,5.985119,1.360119,3.565476,2011,457,1198
niorgai/StatusBarCompat,6.000000,1.631579,4.736842,114,31,90
VonChange/utao,4.030534,1.251908,121.625954,528,164,15933
kongqw/OpenCVForAndroid,4.238372,1.773256,1163.784884,729,305,200171
webbukkit/dynmap,6.154459,1.321125,37.472930,11595,2489,70599
nekocode/CameraFilter,5.400000,1.850000,3.150000,216,74,126
asLody/SandHook,4.660232,1.204633,772.378378,1207,312,200046
LuckPerms/LuckPerms,7.441897,1.446640,23.230830,9414,1830,29387
jgilfelt/android-sqlite-asset-helper,5.000000,1.750000,9.125000,40,14,73
bin392328206/six-finger,1.169014,1.000000,9.126761,83,71,648
android-cjj/BeautifulRefreshLayout,4.027778,1.472222,9.333333,145,53,336
square/mortar,4.378882,1.478261,4.869565,705,238,784
avast/android-styled-dialogs,4.980000,1.520000,13.860000,249,76,693
AndroidKnife/RxBus,2.429907,1.308411,3.420561,260,140,366
scouter-project/scouter,4.737169,1.252397,16.649464,16798,4441,59039
flyingsaucerproject/flyingsaucer,6.066566,2.281392,102.706505,4010,1508,67889
qiurunze123/threadandjuc,0.968300,1.139769,4.749280,672,791,3296
hamcrest/JavaHamcrest,4.307087,1.826772,48.594488,1094,464,12343
Netflix/curator,2.444444,1.155556,2.888889,110,52,130
Netflix/EVCache,6.652941,1.376471,70.094118,1131,234,11916
xfumihiro/ViewInspector,5.435294,1.329412,9.258824,462,113,787
mcharmas/android-parcelable-intellij-plugin,4.073529,1.147059,3.176471,277,78,216
xubinux/xbin-store,3.829016,1.217617,882.943005,739,235,170408
stormzhang/9GAG,4.646465,1.454545,24.484848,460,144,2424
AnderWeb/discreteSeekBar,5.468750,1.718750,50.875000,175,55,1628
zhangxd1989/spring-boot-cloud,5.666667,1.380952,0.190476,119,29,4
EssentialsX/Essentials,7.838802,1.574893,219.897290,5495,1104,154148
thoughtbot/expandable-recycler-view,5.620690,1.931034,10.362069,326,112,601
yaphone/itchat4j,3.717391,1.000000,73.065217,171,46,3361
youseries/ureport,5.708411,1.747664,29.676636,3054,935,15877
locationtech/jts,5.103943,1.511009,50.955965,9968,2951,99517
jOOQ/jOOL,15.008043,1.077748,1368.603217,5598,402,510489
DreamOfTheRedChamber/system-design-interviews,1.790850,1.183007,1.150327,274,181,176
SpringForAll/spring-boot-starter-swagger,5.375000,1.000000,1.312500,86,16,21
searchbox-io/Jest,6.000000,2.723447,9.154309,2994,1359,4568
spotify/helios,5.957647,1.316471,19.410588,5064,1119,16499
OpenLineage/OpenLineage,8.259751,1.334440,7.220747,9953,1608,8701
klausw/hackerskeyboard,4.840336,1.521008,132.176471,576,181,15729
vivian8725118/TimeLine,5.117647,1.470588,0.647059,87,25,11
janishar/PlaceHolderView,5.904000,1.440000,35.920000,738,180,4490
apache/sedona,6.995628,1.737705,164.425137,6401,1590,150449
zcweng/ToggleButton,4.000000,1.400000,34.400000,20,7,172
mthli/Knife,3.266667,1.233333,42.800000,98,37,1284
jonashackt/spring-boot-vuejs,5.272727,1.363636,3.909091,58,15,43
android-cjj/Android-MaterialRefreshLayout,4.698413,1.603175,38.634921,296,101,2434
DozerMapper/dozer,3.494545,1.350000,26.324545,3844,1485,28957
quarkusio/quarkus-quickstarts,4.599688,1.197819,2.194704,2953,769,1409
SonicCloudOrg/sonic-agent,6.905109,1.182482,51.788321,946,162,7095
JakeWharton/ProcessPhoenix,4.200000,1.400000,2.100000,42,14,21
mcharmas/Android-ReactiveLocation,4.783019,1.433962,1.207547,507,152,128
LSPosed/AndroidHiddenApiBypass,3.266667,1.066667,20.133333,49,16,302
M66B/XPrivacy,4.877193,1.432749,22.719298,1668,490,7770
shmykelsa/AAAD,3.068376,1.042735,5.461538,359,122,639
ityouknow/spring-boot-leaning,4.800434,1.034707,5.505423,2213,477,2538
kaaass/ZerotierFix,5.288136,1.330508,12.618644,624,157,1489
qiujiayu/AutoLoadCache,5.651316,1.230263,17.125000,859,187,2603
apache/poi,6.918138,1.548099,105.070019,33297,7451,505702
tdunning/t-digest,3.777778,1.266667,15.237037,510,171,2057
normanmaurer/netty-in-action,3.676471,1.610294,0.875000,500,219,119
JorenSix/TarsosDSP,3.205179,1.543825,5.936255,1609,775,2980
Aspsine/SwipeToLoadLayout,4.500000,1.657534,23.452055,657,242,3424
bit4woo/domain_hunter_pro,2.618042,1.412668,17.395393,1364,736,9063
alibaba/dubbo-spring-boot-starter,6.266667,1.333333,25.733333,94,20,386
scalad/Note,1.333333,1.000000,5.333333,4,3,16
speedment/speedment,6.504308,1.429995,84.817447,24157,5311,315012
naver/ngrinder,5.902408,1.425856,21.416984,4657,1125,16898
twitter-archive/commons,3.446164,1.420592,5.739569,5121,2111,8529
CarpenterLee/JavaLambdaInternals,2.200000,1.000000,12.000000,11,5,60
tvbarthel/BlurDialogFragment,6.722222,1.722222,13.111111,121,31,236
smithy-lang/smithy,6.548604,1.573701,33.962531,18526,4452,96080
protostuff/protostuff,5.511321,1.846226,34.747170,5842,1957,36832
oubowu/PinnedSectionItemDecoration,6.083333,1.277778,25.138889,219,46,905
chrisbanes/philm,5.697337,2.140436,31.658596,2353,884,13075
jdbi/jdbi,4.695127,1.198830,16.805848,12043,3075,43107
Kelin-Hong/ScrollablePanel,3.541667,1.833333,4.333333,85,44,104
google/santa-tracker-android,4.382298,1.344633,20.527307,2327,714,10900
winder/Universal-G-Code-Sender,5.493859,1.946994,35.187460,8499,3012,54435
Muddz/StyleableToast,7.250000,1.500000,32.250000,29,6,129
iSafeBlue/TrackRay,5.109890,1.662088,19.560440,1860,605,7120
fossasia/open-event-droidgen,8.690377,1.648536,12.740586,2077,394,3045
luckybilly/SmartSwipe,5.128788,1.727273,116.954545,677,228,15438
ZongXR/SuperMarket,5.888889,1.197531,3.222222,477,97,261
Ramotion/android-ui-animation-components-and-libraries,0.000000,1.000000,0.000000,0,1,0
ehcache/ehcache3,6.233294,1.481047,33.334896,15951,3790,85304
apache/tinkerpop,6.948525,1.956058,94.177652,22138,6232,300050
baoyongzhang/android-PullRefreshLayout,4.780488,1.731707,22.097561,196,71,906
dromara/x-file-storage,8.567164,1.704478,49.098507,2870,571,16448
zzz40500/AndroidSweetSheet,4.576271,1.254237,8.440678,270,74,498
MiCode/Notes,5.210526,1.378947,17.242105,495,131,1638
wuyr/PathLayoutManager,7.875000,1.625000,12.125000,63,13,97
WangShuo1143368701/WSLiveDemo,4.537037,1.277778,13.666667,490,138,1476
danfickle/openhtmltopdf,5.354610,2.091017,93.923168,4530,1769,79459
Cleveroad/FanLayoutManager,4.339623,1.301887,13.792453,230,69,731
cheese10yun/spring-guide,5.766667,1.577778,1.277778,519,142,115
qaiu/netdisk-fast-download,6.019355,1.367742,12.096774,933,212,1875
NextAlone/Nagram,6.821128,1.657168,61.821128,92399,22448,837429
reark/reark,6.863905,1.443787,7.023669,1160,244,1187
Qihoo360/Quicksql,7.228824,1.787105,222.897851,28590,7068,881561
yuzhiqiang1993/zxing,5.657895,1.421053,10.710526,215,54,407
liyupi/sql-father-backend-public,4.438095,1.152381,0.885714,466,121,93
CaffeineMC/lithium,7.636364,1.190476,6.238095,3528,550,2882
DTStack/flinkStreamSQL,6.611867,1.459827,21.626700,5349,1181,17496
670848654/SakuraAnime,6.389175,1.438144,36.386598,2479,558,14118
maxiaof/github-hosts,2.590909,1.136364,9.000000,57,25,198
androidquery/androidquery,5.350877,1.469298,81.377193,1220,335,18554
